FullName,sn,givenName,company,department,title,telephoneNumber,City,sAMAccountName,Password,Path
HelpDesk1,1,HelpDesk1,Gov.il,HelpDesk,HelpDesk User,11111111111,jerusalem,HelpDesk.1,q1w2e3!@#,"OU=HelpDesk,OU=Users,DC=gov,DC=il"
HelpDesk2,1,HelpDesk2,Gov.il,HelpDesk,HelpDesk User,11111111111,jerusalem,HelpDesk.2,q1w2e3!@#,"OU=HelpDesk,OU=Users,DC=gov,DC=il"
HelpDesk3,1,HelpDesk3,Gov.il,HelpDesk,HelpDesk User,11111111111,jerusalem,HelpDesk.3,q1w2e3!@#,"OU=HelpDesk,OU=Users,DC=gov,DC=il"
HelpDesk4,1,HelpDesk4,Gov.il,HelpDesk,HelpDesk User,11111111111,jerusalem,HelpDesk.4,q1w2e3!@#,"OU=HelpDesk,OU=Users,DC=gov,DC=il"
HelpDesk5,1,HelpDesk5,Gov.il,HelpDesk,HelpDesk User,11111111111,jerusalem,HelpDesk.5,q1w2e3!@#,"OU=HelpDesk,OU=Users,DC=gov,DC=il"
HelpDesk6,1,HelpDesk6,Gov.il,HelpDesk,HelpDesk User,11111111111,jerusalem,HelpDesk.6,q1w2e3!@#,"OU=HelpDesk,OU=Users,DC=gov,DC=il"
HelpDesk7,1,HelpDesk7,Gov.il,HelpDesk,HelpDesk User,11111111111,jerusalem,HelpDesk.7,q1w2e3!@#,"OU=HelpDesk,OU=Users,DC=gov,DC=il"
HelpDesk8,1,HelpDesk8,Gov.il,HelpDesk,HelpDesk User,11111111111,jerusalem,HelpDesk.8,q1w2e3!@#,"OU=HelpDesk,OU=Users,DC=gov,DC=il"
HelpDesk9,1,HelpDesk9,Gov.il,HelpDesk,HelpDesk User,11111111111,jerusalem,HelpDesk.9,q1w2e3!@#,"OU=HelpDesk,OU=Users,DC=gov,DC=il"
HelpDesk10,1,HelpDesk10,Gov.il,HelpDesk,HelpDesk User,11111111111,jerusalem,HelpDesk.10,q1w2e3!@#,"OU=HelpDesk,OU=Users,DC=gov,DC=il"
Management1,1,Management1,Gov.il,Management,Management User,11111111111,jerusalem,Management.1,q1w2e3!@#,"OU=Management,OU=Users,DC=gov,DC=il"
Management2,1,Management2,Gov.il,Management,Management User,11111111111,jerusalem,Management.2,q1w2e3!@#,"OU=Management,OU=Users,DC=gov,DC=il"
Management3,1,Management3,Gov.il,Management,Management User,11111111111,jerusalem,Management.3,q1w2e3!@#,"OU=Management,OU=Users,DC=gov,DC=il"
Management4,1,Management4,Gov.il,Management,Management User,11111111111,jerusalem,Management.4,q1w2e3!@#,"OU=Management,OU=Users,DC=gov,DC=il"
Management5,1,Management5,Gov.il,Management,Management User,11111111111,jerusalem,Management.5,q1w2e3!@#,"OU=Management,OU=Users,DC=gov,DC=il"
Management6,1,Management6,Gov.il,Management,Management User,11111111111,jerusalem,Management.6,q1w2e3!@#,"OU=Management,OU=Users,DC=gov,DC=il"
Management7,1,Management7,Gov.il,Management,Management User,11111111111,jerusalem,Management.7,q1w2e3!@#,"OU=Management,OU=Users,DC=gov,DC=il"
Management8,1,Management8,Gov.il,Management,Management User,11111111111,jerusalem,Management.8,q1w2e3!@#,"OU=Management,OU=Users,DC=gov,DC=il"
Management9,1,Management9,Gov.il,Management,Management User,11111111111,jerusalem,Management.9,q1w2e3!@#,"OU=Management,OU=Users,DC=gov,DC=il"
Management10,1,Management10,Gov.il,Management,Management User,11111111111,jerusalem,Management.10,q1w2e3!@#,"OU=Management,OU=Users,DC=gov,DC=il"
Management11,1,Management11,Gov.il,Management,Management User,11111111111,jerusalem,Management.11,q1w2e3!@#,"OU=Management,OU=Users,DC=gov,DC=il"
Management12,1,Management12,Gov.il,Management,Management User,11111111111,jerusalem,Management.12,q1w2e3!@#,"OU=Management,OU=Users,DC=gov,DC=il"
Management13,1,Management13,Gov.il,Management,Management User,11111111111,jerusalem,Management.13,q1w2e3!@#,"OU=Management,OU=Users,DC=gov,DC=il"
Management14,1,Management14,Gov.il,Management,Management User,11111111111,jerusalem,Management.14,q1w2e3!@#,"OU=Management,OU=Users,DC=gov,DC=il"
Management15,1,Management15,Gov.il,Management,Management User,11111111111,jerusalem,Management.15,q1w2e3!@#,"OU=Management,OU=Users,DC=gov,DC=il"
Management16,1,Management16,Gov.il,Management,Management User,11111111111,jerusalem,Management.16,q1w2e3!@#,"OU=Management,OU=Users,DC=gov,DC=il"
Management17,1,Management17,Gov.il,Management,Management User,11111111111,jerusalem,Management.17,q1w2e3!@#,"OU=Management,OU=Users,DC=gov,DC=il"
Management18,1,Management18,Gov.il,Management,Management User,11111111111,jerusalem,Management.18,q1w2e3!@#,"OU=Management,OU=Users,DC=gov,DC=il"
Management19,1,Management19,Gov.il,Management,Management User,11111111111,jerusalem,Management.19,q1w2e3!@#,"OU=Management,OU=Users,DC=gov,DC=il"
Management20,1,Management20,Gov.il,Management,Management User,11111111111,jerusalem,Management.20,q1w2e3!@#,"OU=Management,OU=Users,DC=gov,DC=il"
Management21,1,Management21,Gov.il,Management,Management User,11111111111,jerusalem,Management.21,q1w2e3!@#,"OU=Management,OU=Users,DC=gov,DC=il"
Management22,1,Management22,Gov.il,Management,Management User,11111111111,jerusalem,Management.22,q1w2e3!@#,"OU=Management,OU=Users,DC=gov,DC=il"
Management23,1,Management23,Gov.il,Management,Management User,11111111111,jerusalem,Management.23,q1w2e3!@#,"OU=Management,OU=Users,DC=gov,DC=il"
Management24,1,Management24,Gov.il,Management,Management User,11111111111,jerusalem,Management.24,q1w2e3!@#,"OU=Management,OU=Users,DC=gov,DC=il"
Management25,1,Management25,Gov.il,Management,Management User,11111111111,jerusalem,Management.25,q1w2e3!@#,"OU=Management,OU=Users,DC=gov,DC=il"
Management26,1,Management26,Gov.il,Management,Management User,11111111111,jerusalem,Management.26,q1w2e3!@#,"OU=Management,OU=Users,DC=gov,DC=il"
Management27,1,Management27,Gov.il,Management,Management User,11111111111,jerusalem,Management.27,q1w2e3!@#,"OU=Management,OU=Users,DC=gov,DC=il"
Management28,1,Management28,Gov.il,Management,Management User,11111111111,jerusalem,Management.28,q1w2e3!@#,"OU=Management,OU=Users,DC=gov,DC=il"
Management29,1,Management29,Gov.il,Management,Management User,11111111111,jerusalem,Management.29,q1w2e3!@#,"OU=Management,OU=Users,DC=gov,DC=il"
Management30,1,Management30,Gov.il,Management,Management User,11111111111,jerusalem,Management.30,q1w2e3!@#,"OU=Management,OU=Users,DC=gov,DC=il"
Management31,1,Management31,Gov.il,Management,Management User,11111111111,jerusalem,Management.31,q1w2e3!@#,"OU=Management,OU=Users,DC=gov,DC=il"
Management32,1,Management32,Gov.il,Management,Management User,11111111111,jerusalem,Management.32,q1w2e3!@#,"OU=Management,OU=Users,DC=gov,DC=il"
Management33,1,Management33,Gov.il,Management,Management User,11111111111,jerusalem,Management.33,q1w2e3!@#,"OU=Management,OU=Users,DC=gov,DC=il"
Management34,1,Management34,Gov.il,Management,Management User,11111111111,jerusalem,Management.34,q1w2e3!@#,"OU=Management,OU=Users,DC=gov,DC=il"
Management35,1,Management35,Gov.il,Management,Management User,11111111111,jerusalem,Management.35,q1w2e3!@#,"OU=Management,OU=Users,DC=gov,DC=il"
Management36,1,Management36,Gov.il,Management,Management User,11111111111,jerusalem,Management.36,q1w2e3!@#,"OU=Management,OU=Users,DC=gov,DC=il"
Management37,1,Management37,Gov.il,Management,Management User,11111111111,jerusalem,Management.37,q1w2e3!@#,"OU=Management,OU=Users,DC=gov,DC=il"
Management38,1,Management38,Gov.il,Management,Management User,11111111111,jerusalem,Management.38,q1w2e3!@#,"OU=Management,OU=Users,DC=gov,DC=il"
Management39,1,Management39,Gov.il,Management,Management User,11111111111,jerusalem,Management.39,q1w2e3!@#,"OU=Management,OU=Users,DC=gov,DC=il"
Management40,1,Management40,Gov.il,Management,Management User,11111111111,jerusalem,Management.40,q1w2e3!@#,"OU=Management,OU=Users,DC=gov,DC=il"
Finance1,1,Finance1,Gov.il,Finance,Finance User,11111111111,jerusalem,Finance.1,q1w2e3!@#,"OU=Finance,OU=Users,DC=gov,DC=il"
Finance2,1,Finance2,Gov.il,Finance,Finance User,11111111111,jerusalem,Finance.2,q1w2e3!@#,"OU=Finance,OU=Users,DC=gov,DC=il"
Finance3,1,Finance3,Gov.il,Finance,Finance User,11111111111,jerusalem,Finance.3,q1w2e3!@#,"OU=Finance,OU=Users,DC=gov,DC=il"
Finance4,1,Finance4,Gov.il,Finance,Finance User,11111111111,jerusalem,Finance.4,q1w2e3!@#,"OU=Finance,OU=Users,DC=gov,DC=il"
Finance5,1,Finance5,Gov.il,Finance,Finance User,11111111111,jerusalem,Finance.5,q1w2e3!@#,"OU=Finance,OU=Users,DC=gov,DC=il"
Finance6,1,Finance6,Gov.il,Finance,Finance User,11111111111,jerusalem,Finance.6,q1w2e3!@#,"OU=Finance,OU=Users,DC=gov,DC=il"
Finance7,1,Finance7,Gov.il,Finance,Finance User,11111111111,jerusalem,Finance.7,q1w2e3!@#,"OU=Finance,OU=Users,DC=gov,DC=il"
Finance8,1,Finance8,Gov.il,Finance,Finance User,11111111111,jerusalem,Finance.8,q1w2e3!@#,"OU=Finance,OU=Users,DC=gov,DC=il"
Finance9,1,Finance9,Gov.il,Finance,Finance User,11111111111,jerusalem,Finance.9,q1w2e3!@#,"OU=Finance,OU=Users,DC=gov,DC=il"
Finance10,1,Finance10,Gov.il,Finance,Finance User,11111111111,jerusalem,Finance.10,q1w2e3!@#,"OU=Finance,OU=Users,DC=gov,DC=il"
Finance11,1,Finance11,Gov.il,Finance,Finance User,11111111111,jerusalem,Finance.11,q1w2e3!@#,"OU=Finance,OU=Users,DC=gov,DC=il"
Finance12,1,Finance12,Gov.il,Finance,Finance User,11111111111,jerusalem,Finance.12,q1w2e3!@#,"OU=Finance,OU=Users,DC=gov,DC=il"
Finance13,1,Finance13,Gov.il,Finance,Finance User,11111111111,jerusalem,Finance.13,q1w2e3!@#,"OU=Finance,OU=Users,DC=gov,DC=il"
Finance14,1,Finance14,Gov.il,Finance,Finance User,11111111111,jerusalem,Finance.14,q1w2e3!@#,"OU=Finance,OU=Users,DC=gov,DC=il"
Finance15,1,Finance15,Gov.il,Finance,Finance User,11111111111,jerusalem,Finance.15,q1w2e3!@#,"OU=Finance,OU=Users,DC=gov,DC=il"
Finance16,1,Finance16,Gov.il,Finance,Finance User,11111111111,jerusalem,Finance.16,q1w2e3!@#,"OU=Finance,OU=Users,DC=gov,DC=il"
Finance17,1,Finance17,Gov.il,Finance,Finance User,11111111111,jerusalem,Finance.17,q1w2e3!@#,"OU=Finance,OU=Users,DC=gov,DC=il"
Finance18,1,Finance18,Gov.il,Finance,Finance User,11111111111,jerusalem,Finance.18,q1w2e3!@#,"OU=Finance,OU=Users,DC=gov,DC=il"
Finance19,1,Finance19,Gov.il,Finance,Finance User,11111111111,jerusalem,Finance.19,q1w2e3!@#,"OU=Finance,OU=Users,DC=gov,DC=il"
Finance20,1,Finance20,Gov.il,Finance,Finance User,11111111111,jerusalem,Finance.20,q1w2e3!@#,"OU=Finance,OU=Users,DC=gov,DC=il"
Finance21,1,Finance21,Gov.il,Finance,Finance User,11111111111,jerusalem,Finance.21,q1w2e3!@#,"OU=Finance,OU=Users,DC=gov,DC=il"
Finance22,1,Finance22,Gov.il,Finance,Finance User,11111111111,jerusalem,Finance.22,q1w2e3!@#,"OU=Finance,OU=Users,DC=gov,DC=il"
Finance23,1,Finance23,Gov.il,Finance,Finance User,11111111111,jerusalem,Finance.23,q1w2e3!@#,"OU=Finance,OU=Users,DC=gov,DC=il"
Finance24,1,Finance24,Gov.il,Finance,Finance User,11111111111,jerusalem,Finance.24,q1w2e3!@#,"OU=Finance,OU=Users,DC=gov,DC=il"
Finance25,1,Finance25,Gov.il,Finance,Finance User,11111111111,jerusalem,Finance.25,q1w2e3!@#,"OU=Finance,OU=Users,DC=gov,DC=il"
Finance26,1,Finance26,Gov.il,Finance,Finance User,11111111111,jerusalem,Finance.26,q1w2e3!@#,"OU=Finance,OU=Users,DC=gov,DC=il"
Finance27,1,Finance27,Gov.il,Finance,Finance User,11111111111,jerusalem,Finance.27,q1w2e3!@#,"OU=Finance,OU=Users,DC=gov,DC=il"
Finance28,1,Finance28,Gov.il,Finance,Finance User,11111111111,jerusalem,Finance.28,q1w2e3!@#,"OU=Finance,OU=Users,DC=gov,DC=il"
Finance29,1,Finance29,Gov.il,Finance,Finance User,11111111111,jerusalem,Finance.29,q1w2e3!@#,"OU=Finance,OU=Users,DC=gov,DC=il"
Finance30,1,Finance30,Gov.il,Finance,Finance User,11111111111,jerusalem,Finance.30,q1w2e3!@#,"OU=Finance,OU=Users,DC=gov,DC=il"
Finance31,1,Finance31,Gov.il,Finance,Finance User,11111111111,jerusalem,Finance.31,q1w2e3!@#,"OU=Finance,OU=Users,DC=gov,DC=il"
Finance32,1,Finance32,Gov.il,Finance,Finance User,11111111111,jerusalem,Finance.32,q1w2e3!@#,"OU=Finance,OU=Users,DC=gov,DC=il"
Finance33,1,Finance33,Gov.il,Finance,Finance User,11111111111,jerusalem,Finance.33,q1w2e3!@#,"OU=Finance,OU=Users,DC=gov,DC=il"
Finance34,1,Finance34,Gov.il,Finance,Finance User,11111111111,jerusalem,Finance.34,q1w2e3!@#,"OU=Finance,OU=Users,DC=gov,DC=il"
Finance35,1,Finance35,Gov.il,Finance,Finance User,11111111111,jerusalem,Finance.35,q1w2e3!@#,"OU=Finance,OU=Users,DC=gov,DC=il"
Finance36,1,Finance36,Gov.il,Finance,Finance User,11111111111,jerusalem,Finance.36,q1w2e3!@#,"OU=Finance,OU=Users,DC=gov,DC=il"
Finance37,1,Finance37,Gov.il,Finance,Finance User,11111111111,jerusalem,Finance.37,q1w2e3!@#,"OU=Finance,OU=Users,DC=gov,DC=il"
Finance38,1,Finance38,Gov.il,Finance,Finance User,11111111111,jerusalem,Finance.38,q1w2e3!@#,"OU=Finance,OU=Users,DC=gov,DC=il"
Finance39,1,Finance39,Gov.il,Finance,Finance User,11111111111,jerusalem,Finance.39,q1w2e3!@#,"OU=Finance,OU=Users,DC=gov,DC=il"
Finance40,1,Finance40,Gov.il,Finance,Finance User,11111111111,jerusalem,Finance.40,q1w2e3!@#,"OU=Finance,OU=Users,DC=gov,DC=il"
Finance41,1,Finance41,Gov.il,Finance,Finance User,11111111111,jerusalem,Finance.41,q1w2e3!@#,"OU=Finance,OU=Users,DC=gov,DC=il"
Finance42,1,Finance42,Gov.il,Finance,Finance User,11111111111,jerusalem,Finance.42,q1w2e3!@#,"OU=Finance,OU=Users,DC=gov,DC=il"
Finance43,1,Finance43,Gov.il,Finance,Finance User,11111111111,jerusalem,Finance.43,q1w2e3!@#,"OU=Finance,OU=Users,DC=gov,DC=il"
Finance44,1,Finance44,Gov.il,Finance,Finance User,11111111111,jerusalem,Finance.44,q1w2e3!@#,"OU=Finance,OU=Users,DC=gov,DC=il"
Siyua1,1,Siyua1,Gov.il,Siyua,Siyua User,11111111111,jerusalem,Siyua1,q1w2e3!@#,"OU=Siyua,OU=Users,DC=gov,DC=il"
Siyua2,1,Siyua2,Gov.il,Siyua,Siyua User,11111111111,jerusalem,Siyua2,q1w2e3!@#,"OU=Siyua,OU=Users,DC=gov,DC=il"
Siyua3,1,Siyua3,Gov.il,Siyua,Siyua User,11111111111,jerusalem,Siyua3,q1w2e3!@#,"OU=Siyua,OU=Users,DC=gov,DC=il"
Siyua4,1,Siyua4,Gov.il,Siyua,Siyua User,11111111111,jerusalem,Siyua4,q1w2e3!@#,"OU=Siyua,OU=Users,DC=gov,DC=il"
Siyua5,1,Siyua5,Gov.il,Siyua,Siyua User,11111111111,jerusalem,Siyua5,q1w2e3!@#,"OU=Siyua,OU=Users,DC=gov,DC=il"
Siyua6,1,Siyua6,Gov.il,Siyua,Siyua User,11111111111,jerusalem,Siyua6,q1w2e3!@#,"OU=Siyua,OU=Users,DC=gov,DC=il"
